username,password
user_bce7e1b1,Pass_1ce7a48e2b
user_3e719790,Pass_b9fca6e143
user_19927a2d,Pass_cc2f0e9a5f
user_8179fc8c,Pass_cd31d41b16
user_2be3780d,Pass_9be67d8953
user_6f243aac,Pass_19aed95995
user_988137bc,Pass_2aa553ffbe
user_e0bfe937,Pass_5cfd933a66
user_4f58c02d,Pass_a4eef8d207
user_7f8bfeac,Pass_f0b1988456
user_1cb17842,Pass_362076d952
user_3ae7a5dd,Pass_24a35c8e48
user_999da225,Pass_376f1f95ec
user_f513a453,Pass_4cb733bdcb
user_4f0d9b56,Pass_d23d0d9ae9
user_14d763c5,Pass_1b54235c80
user_0850afae,Pass_64656f193c
user_6bb5fe03,Pass_adbc60a8d5
user_d32f0e66,Pass_645cfe9ebd
user_cb5b32ec,Pass_7d202fc409
user_d05d6f4b,Pass_093cdcb5b8
user_0fece998,Pass_2a2cd9404b
user_b63618eb,Pass_8d566082c9
user_46bd914b,Pass_cfec338ff5
user_aa449368,Pass_c31825c623
user_b3925fcb,Pass_e99b4a4909
user_705dfd37,Pass_ae7413105e
user_600c20a7,Pass_68568ac040
user_ea5ed322,Pass_ffbf265cf6
user_2a2434fb,Pass_c65724a8da
user_08d150fa,Pass_93841132e2
user_5ef17665,Pass_abc0551b4b
user_aa3b0ece,Pass_ca2e54c7ae
user_a1db362e,Pass_15f1d36202
user_fe6691a5,Pass_47511e6e99
user_beadb121,Pass_a898597567
user_d452f7ca,Pass_3c4e0b75ca
user_7146f981,Pass_2ee7cb0337
user_2d83121e,Pass_c340889bb5
user_febfb5a2,Pass_dfab730576
user_254fd52a,Pass_5d2edba0b3
user_e7fe50cf,Pass_070839dcad
user_c7a77791,Pass_93dbdae3d1
user_f7448aa2,Pass_cb23d8c9af
user_ea2e89d5,Pass_88c9950fec
user_e0be5043,Pass_0158088ed8
user_afb7dc37,Pass_e7854a3686
user_d9963093,Pass_01352f393d
user_052ef2f1,Pass_5baa0d6a46
user_9e79c157,Pass_94e9217ea5
user_8c7ac458,Pass_a77c5ea6e4
user_ca6dfbb5,Pass_0b17d76bbd
user_53277cde,Pass_6ae8219911
user_110436b4,Pass_5e286b14ee
user_09a778b3,Pass_c9e3065377
user_81e437f6,Pass_57eed3fc84
user_7c90ebcf,Pass_e6fadc9cee
user_16b06157,Pass_5ddbec24ad
user_00066a2b,Pass_c1fd321fd5
user_15e292a0,Pass_c89132914f
user_1696d777,Pass_de03a052a9
user_fdb9d97b,Pass_2e8d1ae201
user_6b633449,Pass_507d40e021
user_daafd9dd,Pass_252be6ce55
user_9a5fba2e,Pass_ad44337783
user_68a8b576,Pass_c7629155b3
user_30348632,Pass_54c4addfd4
user_b94bb932,Pass_410b38bd5f
user_9cd09439,Pass_7eef374edd
user_aa235c77,Pass_9164c50542
user_f5b524f1,Pass_04e70c180a
user_01848d3b,Pass_95f505af3a
user_85bb7116,Pass_5576e361e3
user_80f66ff6,Pass_7a72cf7e2b
user_6e2afcef,Pass_660720a840
user_c4a33f6f,Pass_79b1357cf9
user_64ef26a6,Pass_9ff09f2165
user_e0a643ad,Pass_12a4c9144c
user_f8deee9d,Pass_3e74eb4dc5
user_b590c019,Pass_549c4efdb1
user_41f5c3e5,Pass_3a327c6753
user_beb69650,Pass_65f0ef0c73
user_d87ba6e7,Pass_65aaeeb890
user_bb864e52,Pass_e85be4af64
user_bbabc4db,Pass_df3807f219
user_84981597,Pass_1786dce684
user_e30647fe,Pass_90ce258ad2
user_48926716,Pass_82661e1da1
user_60680dc2,Pass_131b33fb52
user_1c2257b6,Pass_0150ad4407
user_b56d436d,Pass_8a979ca9e7
user_09fb9d29,Pass_14661c471b
user_bb6433e0,Pass_254c442a1c
user_b4487938,Pass_35a2a0c7db
user_fbaa8c9c,Pass_46c9cce4b8
user_4bebabd4,Pass_efe9da2c63
user_05d1254e,Pass_638a5c076e
user_85fcdbc6,Pass_de0f0bbdbf
user_88df14a9,Pass_cf93b8970f
user_5be32f01,Pass_851c909374
